Workbook

Sheet monthly data
A1: category | B1: month | C1: order_count | D1: total_revenue | E1: avg_revenue
A2: Bakery | B2: 2026-01 | C2: 6 | D2: 735 | E2: 122.5
A3: Bakery | B3: 2026-02 | C3: 8 | D3: 2440 | E3: 305
A4: Bakery | B4: 2026-03 | C4: 11 | D4: 3090 | E4: 280.90909
A5: Bakery | B5: 2026-04 | C5: 13 | D5: 3115 | E5: 239.61538
A6: Bakery | B6: 2026-05 | C6: 15 | D6: 3695 | E6: 246.33333
A7: Bakery | B7: 2026-06 | C7: 14 | D7: 2335 | E7: 166.78571
A8: Dairy & Eggs | B8: 2026-01 | C8: 9 | D8: 2035 | E8: 226.11111
A9: Dairy & Eggs | B9: 2026-02 | C9: 8 | D9: 1935 | E9: 241.875
A10: Dairy & Eggs | B10: 2026-03 | C10: 15 | D10: 3163 | E10: 210.86667
A11: Dairy & Eggs | B11: 2026-04 | C11: 9 | D11: 1650 | E11: 183.33333
A12: Dairy & Eggs | B12: 2026-05 | C12: 14 | D12: 3479 | E12: 248.5
A13: Dairy & Eggs | B13: 2026-06 | C13: 11 | D13: 1828 | E13: 166.18182
... A37: Snacks & Beverages | B37: 2026-06 | C37: 15 | D37: 1960 | E37: 130.66667

Sheet Targets
A1: category | B1: target_revenue_inr | C1: lookup_category
A2: Fruits & Vegetables | B2: 12000 | C2: Fruits & Vegetables
A3: Dairy & Eggs | B3: 16500 | C3: Dairy & Eggs
A4: Snacks & Beverages | B4: 13000 | C4: Snacks & Beverages
A5: Personal Care | B5: 15500 | C5: Personal Care
A6: Household Essentials | B6: 17000 | C6: Household Essentials
A7: Bakery | B7: 12000 | C7: Bakery

Sheet pivot table
A1: Row Labels | B1: Sum of total_revenue | C1: Sum of order_count
A2: Bakery | B2: 15410 | C2: 67
A3: Dairy & Eggs | B3: 14090 | C3: 66
A4: Fruits & Vegetables | B4: 9790 | C4: 73
A5: Household Essentials | B5: 21715 | C5: 79
A6: Personal Care | B6: 16382 | C6: 66
A7: Snacks & Beverages | B7: 10895 | C7: 83
A8: Grand Total | B8: 88282 | C8: 434

Sheet bigbasket_category_analysis.xls
A1: Category | B1: Total Revenue | C1: Target | D1: Variance | E1: % Variance | F1: Target Status | G1: Matches Part 1 SQL total?
A2: Bakery | B2: ='pivot table'!B2 -> 15410 | C2: {=_xlfn.XLOOKUP(TRUE,ISNUMBER(SEARCH(TRIM(A2),Targets!$C$2:$C$7)),Targets!$B$2:$B$7,"Not Found")} -> 12000 | D2: =B2-C2 -> 3410 | E2: =((B2-C2)/C2)*100 -> 28.416667 | F2: =IF(B2>=C2,"Above Target",IF(C2-B2<=C2*15%,"Below Target - Watch","Below Target - Critical")) -> Above Target | G2: =IF(B2=SUMIF('pivot table'!$A$2:$A$7,"*"&TRIM(A2)&"*",'pivot table'!$B$2:$B$7),"Yes","No") -> Yes
A3: Dairy & Eggs | B3: ='pivot table'!B3 -> 14090 | C3: {=_xlfn.XLOOKUP(TRUE,ISNUMBER(SEARCH(TRIM(A3),Targets!$C$2:$C$7)),Targets!$B$2:$B$7,"Not Found")} -> 16500 | D3: =B3-C3 -> -2410 | E3: =((B3-C3)/C3)*100 -> -14.606061 | F3: =IF(B3>=C3,"Above Target",IF(C3-B3<=C3*15%,"Below Target - Watch","Below Target - Critical")) -> Below Target - Watch | G3: =IF(B3=SUMIF('pivot table'!$A$2:$A$7,"*"&TRIM(A3)&"*",'pivot table'!$B$2:$B$7),"Yes","No") -> Yes
A4: Fruits & Vegetables | B4: ='pivot table'!B4 -> 9790 | C4: {=_xlfn.XLOOKUP(TRUE,ISNUMBER(SEARCH(TRIM(A4),Targets!$C$2:$C$7)),Targets!$B$2:$B$7,"Not Found")} -> 12000 | D4: =B4-C4 -> -2210 | E4: =((B4-C4)/C4)*100 -> -18.416667 | F4: =IF(B4>=C4,"Above Target",IF(C4-B4<=C4*15%,"Below Target - Watch","Below Target - Critical")) -> Below Target - Critical | G4: =IF(B4=SUMIF('pivot table'!$A$2:$A$7,"*"&TRIM(A4)&"*",'pivot table'!$B$2:$B$7),"Yes","No") -> Yes
A5: Household Essentials | B5: ='pivot table'!B5 -> 21715 | C5: {=_xlfn.XLOOKUP(TRUE,ISNUMBER(SEARCH(TRIM(A5),Targets!$C$2:$C$7)),Targets!$B$2:$B$7,"Not Found")} -> 17000 | D5: =B5-C5 -> 4715 | E5: =((B5-C5)/C5)*100 -> 27.735294 | F5: =IF(B5>=C5,"Above Target",IF(C5-B5<=C5*15%,"Below Target - Watch","Below Target - Critical")) -> Above Target | G5: =IF(B5=SUMIF('pivot table'!$A$2:$A$7,"*"&TRIM(A5)&"*",'pivot table'!$B$2:$B$7),"Yes","No") -> Yes
A6: Personal Care | B6: ='pivot table'!B6 -> 16382 | C6: {=_xlfn.XLOOKUP(TRUE,ISNUMBER(SEARCH(TRIM(A6),Targets!$C$2:$C$7)),Targets!$B$2:$B$7,"Not Found")} -> 15500 | D6: =B6-C6 -> 882 | E6: =((B6-C6)/C6)*100 -> 5.6903226 | F6: =IF(B6>=C6,"Above Target",IF(C6-B6<=C6*15%,"Below Target - Watch","Below Target - Critical")) -> Above Target | G6: =IF(B6=SUMIF('pivot table'!$A$2:$A$7,"*"&TRIM(A6)&"*",'pivot table'!$B$2:$B$7),"Yes","No") -> Yes
A7: Snacks & Beverages | B7: ='pivot table'!B7 -> 10895 | C7: {=_xlfn.XLOOKUP(TRUE,ISNUMBER(SEARCH(TRIM(A7),Targets!$C$2:$C$7)),Targets!$B$2:$B$7,"Not Found")} -> 13000 | D7: =B7-C7 -> -2105 | E7: =((B7-C7)/C7)*100 -> -16.192308 | F7: =IF(B7>=C7,"Above Target",IF(C7-B7<=C7*15%,"Below Target - Watch","Below Target - Critical")) -> Below Target - Critical | G7: =IF(B7=SUMIF('pivot table'!$A$2:$A$7,"*"&TRIM(A7)&"*",'pivot table'!$B$2:$B$7),"Yes","No") -> Yes
